"municipio","inf.prob","act.rate","dias_rec","mse"
"Acorizal",0.0486764367643165,4.41240659503586,0.772415725935331,1.28571428571429
"Alta Floresta",0.0459113026344562,4.58877668358955,11.8777817235985,23.7857142857143
"Alto Araguaia",0.0421410613598508,4.39056657558839,10.466102940335,3.14285714285714
"Aripuana",0.018448686199482,16.6935840478545,18.7260217669949,7.07142857142857
"Acorizal",0.0260170845945237,8.34838260522377,0.477411735707108,1.07142857142857
