"r_025","r_500","r_975","p_va","n_va","enfermarias_va","uti_va","r_mm7","uti_to","enfermarias_to","iv","infectados_n","recuperados_n","obitos_n","iv_cat","ia_cat","risco"
1.10044184378727,1.15314594968253,1.20750659714972,0.449116986240045,0.449116986240045,0.116789568663138,0.285247116312585,1.19393469736164,0.695,0.179,0.695,5390,1912,181,"Moderado","Moderado","Alto"
