"r_025","r_500","r_975","p_va","n_va","enfermarias_va","uti_va","r_mm7","uti_to","enfermarias_to","iv","infectados_n","recuperados_n","obitos_n","iv_cat","ia_cat","risco"
1.16151157633298,1.21309981751039,1.26619344329179,0.439525198446842,0.439525198446842,-0.46097511331207,-0.293618191821016,1.18689681848896,0.746,0.217,0.746,6108,2117,213,"Alto","Moderado","Alto"
