"r_025","r_500","r_975","p_va","n_va","enfermarias_va","uti_va","r_mm7","uti_to","enfermarias_to","iv","infectados_n","recuperados_n","obitos_n","iv_cat","ia_cat","risco"
1.05807429933873,1.11028151832864,1.16417848644493,0.449373701978186,0.449373701978186,0.385644936897389,0.537768664084454,1.20369159130845,0.747,0.181,0.747,5086,1792,163,"Alto","Moderado","Alto"
