"r_025","r_500","r_975","p_va","n_va","enfermarias_va","uti_va","r_mm7","uti_to","enfermarias_to","iv","infectados_n","recuperados_n","obitos_n","iv_cat","ia_cat","risco"
1.15560187283182,1.20859159193145,1.26317697715375,0.464110119896773,0.464110119896773,-0.26772170953235,-0.00530650350932757,1.19632192154679,0.708,0.187,0.708,5739,2042,199,"Alto","Moderado","Alto"
