"r_025","r_500","r_975","p_va","n_va","enfermarias_va","uti_va","r_mm7","uti_to","enfermarias_to","iv","infectados_n","recuperados_n","obitos_n","iv_cat","ia_cat","risco"
1.15744104843476,1.21476260279303,1.27394619579585,0.224657618519654,0.224657618519654,0.588594915662585,1.07404786475994,1.23064001526241,0.693,0.163,0.693,4504,1597,140,"Moderado","Baixo","Moderado"
